{
    "accuracy": 0.6737349397590362,
    "precision": 0.8017857142857143,
    "recall": 0.44236453201970444,
    "auc": 0.7311362580165444
}
